title,company,location,employment_type,contract_type,date_posted,job_url
Opérateur de production  (H/F),TELLIER PROTEC CHEMILLE,CHEMILLE EN ANJOU,CDD,Temps plein,2024-11-20,https://candidat.pole-emploi.fr/offres/recherche/detail/184KMGH
Tailleur- Tailleuse de pommiers (H/F),LES VERGERS DU PETIT LAURENT,EYGURANDE ET GARDEDEUIL,CDD,Temps plein,2024-11-20,https://candidat.pole-emploi.fr/offres/recherche/detail/184KMGG
MÉCANICIEN MONTEUR (H/F),RANDSTAD,BRAUD ET ST LOUIS,Intérim,Temps plein,2024-11-20,https://candidat.pole-emploi.fr/offres/recherche/detail/184KMGF
Façadier (H/F),GUMUS SAS,OYTIER ST OBLAS,CDI,Temps plein,2024-11-20,https://candidat.pole-emploi.fr/offres/recherche/detail/184KMGD
Technicien de maintenance en électronique F/H,SYNERGIE INDUSTRIE/BTP,Reims,CDI,Temps plein,2024-11-20,https://candidat.pole-emploi.fr/offres/recherche/detail/184KMGC
Gestionnaire de paie (H/F),LES INTERIMAIRES PROFESSIONNELS TERTIAIR,CLERMONT FERRAND,CDI,Temps plein,2024-11-20,https://candidat.pole-emploi.fr/offres/recherche/detail/184KMFX
POEC - Formation et Emploi - ELS (H/F),INTERMARCHE,BORDEAUX,CDI,Temps plein,2024-11-20,https://candidat.pole-emploi.fr/offres/recherche/detail/184KMFW
Gérant franchisé d'un grand magasin VIDE GRENIER permanent (H/F),ELYSEE CONCEPT,Hénin-Beaumont,Franchise,Non renseigné,2024-11-20,https://candidat.pole-emploi.fr/offres/recherche/detail/184KMFV
Conseiller commercial (H/F),HARMONIE MEDICAL SERVICE,Viriat,CDI,Temps plein,2024-11-20,https://candidat.pole-emploi.fr/offres/recherche/detail/184KMFT
FACADIER (H/F),LES INTERIMAIRES PROFESSIONNELS INDUSTRI,Metz,Intérim,Temps plein,2024-11-20,https://candidat.pole-emploi.fr/offres/recherche/detail/184KMFS
Assistant / Assistante d'éducation (H/F),COLLEGE JEAN AMANS,PONT DE SALARS,CDD,Temps partiel,2024-11-20,https://candidat.pole-emploi.fr/offres/recherche/detail/184KMFQ
Auxiliaire de vie Pessac (H/F),VITALLIANCE,PESSAC,CDI,Temps plein,2024-11-20,https://candidat.pole-emploi.fr/offres/recherche/detail/184KMFN
Technicien-ne d'Assistance Informatique   (H/F),NEA IDF,Ile-de-France,CDD,Temps plein,2024-11-20,https://candidat.pole-emploi.fr/offres/recherche/detail/184KMFM
Serveur / Serveuse de restaurant  (H/F),LUC MEDARD & SAVEUR,PARIS 18,CDD,Temps partiel,2024-11-20,https://candidat.pole-emploi.fr/offres/recherche/detail/184KMFL
Serveur / Serveuse H/F,H ET C CONSEIL,NARBONNE,CDD,Temps plein,2024-11-20,https://candidat.pole-emploi.fr/offres/recherche/detail/184KMFK
Electromécanicien (H/F),INTER'S,FLERS EN ESCREBIEUX,Intérim,Temps plein,2024-11-20,https://candidat.pole-emploi.fr/offres/recherche/detail/184KMFJ
Homme/Femme de ménage aux Ponts de Cé,MR CONCEPT ANGERS SUD LOIRE,Ponts-de-Cé,CDI,Temps plein,2024-11-20,https://candidat.pole-emploi.fr/offres/recherche/detail/184KMFH
AUXILIAIRE DE VIE (H/F),FLORALYS DOMICILE,Pecquencourt,CDI,Temps partiel,2024-11-20,https://candidat.pole-emploi.fr/offres/recherche/detail/184KMFG
Éducateur spécialisé / Éducatrice spécialisée de prévention (H/F),LIGUE VAROISE DE PREVENTION,TOULON,CDI,Temps plein,2024-11-20,https://candidat.pole-emploi.fr/offres/recherche/detail/184KMFB
Technicien en recouvrement H/F,CAISSE ALLOCATIONS FAMILIALES DE L AISNE,ST QUENTIN,CDD,Temps plein,2024-11-20,https://candidat.pole-emploi.fr/offres/recherche/detail/184KMDZ
Professeur de violoncelle à domicile (H/F),ACADOMIA / AIS 2,Nantes,CDI,Temps plein,2024-11-20,https://candidat.pole-emploi.fr/offres/recherche/detail/184KMDY
Gérant franchisé d'un grand magasin VIDE GRENIER permanent (H/F),ELYSEE CONCEPT,Berck,Franchise,Non renseigné,2024-11-20,https://candidat.pole-emploi.fr/offres/recherche/detail/184KMDW
Agent / Agente de service hospitalier (ASH) (H/F),LA ROSE DE NOEL,SIX FOURS LES PLAGES,CDD,Temps plein,2024-11-20,https://candidat.pole-emploi.fr/offres/recherche/detail/184KMDV
Électricien installateur photovoltaïque (H/F),VANNES TT,Vannes,CDI,Temps plein,2024-11-20,https://candidat.pole-emploi.fr/offres/recherche/detail/184KMDT
Pâtissier / Pâtissière ou Boulanger / Boulangère (H/F),BOULANGERIE SERVANT,VEZAC,CDI,Temps plein,2024-11-20,https://candidat.pole-emploi.fr/offres/recherche/detail/184KMDS
Auxiliaire de vie (H/F),A.DOM & SERVICES,PEYREHORADE,CDD,Temps partiel,2024-11-20,https://candidat.pole-emploi.fr/offres/recherche/detail/184KMDR
Technicien(ne) Bureau d'Etudes (H/F),CADIOU CHAUDRONNERIE PLASTIQUE,GUENGAT,CDI,Temps plein,2024-11-20,https://candidat.pole-emploi.fr/offres/recherche/detail/184KMDQ
Aide ménager à domicile (H/F),ADHAP SERVICES,LIMOGES,CDD,Temps plein,2024-11-20,https://candidat.pole-emploi.fr/offres/recherche/detail/184KMDP
AIDE-SOIGNANT(E) NUIT (H/F),EDENIS LES TROIS FONTAINES,MURET,CDI,Temps plein,2024-11-20,https://candidat.pole-emploi.fr/offres/recherche/detail/184KMDN
Responsable organisme de formation (H/F),INSTITUT DES PREVENTEURS,Charente-Maritime,CDI,Temps plein,2024-11-20,https://candidat.pole-emploi.fr/offres/recherche/detail/184KMDM
Mécanicien / Mécanicienne d'engins de chantier et de travaux publics,ACASS,ST JEAN DE MAURIENNE,CDI,Temps plein,2024-11-20,https://candidat.pole-emploi.fr/offres/recherche/detail/184KMDL
Technicien laboratoire (H/F),PROMAN,Fos-sur-Mer,Intérim,Temps plein,2024-11-20,https://candidat.pole-emploi.fr/offres/recherche/detail/184KMDK
#SALONDEMANDELIEU2024 : Magasinier en pièces automobiles H/F,STAND CENTRE AUTOMOBILE DE LA RIVIERA,MANDELIEU LA NAPOULE,CDI,Temps plein,2024-11-20,https://candidat.pole-emploi.fr/offres/recherche/detail/184KMDJ
Carrossier-peintre / Carrossière-peintre,SES,BUC,CDI,Temps plein,2024-11-20,https://candidat.pole-emploi.fr/offres/recherche/detail/184KMDH
nettoyeur industriel H/F,CRIT INTERIM,Saint-Quentin,Intérim,Temps plein,2024-11-20,https://candidat.pole-emploi.fr/offres/recherche/detail/184KMDG
Chauffeur(se)-livreur(se) préparateur(trice) de commande (H/F),PROCH'EMPLOI Chauny,REIMS,CDI,Temps plein,2024-11-20,https://candidat.pole-emploi.fr/offres/recherche/detail/184KMDF
Professeur de violon à domicile (H/F),AIS 2,Évreux,CDI,Temps partiel,2024-11-20,https://candidat.pole-emploi.fr/offres/recherche/detail/184KMDC
Chef d'équipe magasinage F/H,SYNERGIE,Garges-lès-Gonesse,Intérim,Temps plein,2024-11-20,https://candidat.pole-emploi.fr/offres/recherche/detail/184KMDB
PROJETEUR MULTI TECHNIQUE (H/F),SCOP'ING SA,VILLEURBANNE,CDI,Temps plein,2024-11-20,https://candidat.pole-emploi.fr/offres/recherche/detail/184KMCZ
Réceptionniste polyvalent/e en hôtellerie (H/F),Kyriad Direct Chartres Mainvilliers,MAINVILLIERS,CDD,Temps plein,2024-11-20,https://candidat.pole-emploi.fr/offres/recherche/detail/184KMCX
Secrétaire de direction (H/F),LES INTERIMAIRES PROFESSIONNELS TERTIAIR,CLERMONT FERRAND,CDI,Temps plein,2024-11-20,https://candidat.pole-emploi.fr/offres/recherche/detail/184KMCW
Commercial H/F,OUI CARE HUMAN RESOURCES,Strasbourg,CDI,Temps plein,2024-11-20,https://candidat.pole-emploi.fr/offres/recherche/detail/184KMCV
Ingénieur VRD - Aménagements Urbains / Chef de projet (H/F),APPROACH PEOPLE RECRUITMENT,Bordeaux,CDI,Temps plein,2024-11-20,https://candidat.pole-emploi.fr/offres/recherche/detail/184KMCT
CONTROLE QUALITE HORAIRES JOURNEE H/F,ENTHALPIA RHONE ALPES,Ambérieu-en-Bugey,CDI,Temps plein,2024-11-20,https://candidat.pole-emploi.fr/offres/recherche/detail/184KMCS
Technicien radio (H/F),ACTUAL NANTES 1071,Nantes,Intérim,Temps plein,2024-11-20,https://candidat.pole-emploi.fr/offres/recherche/detail/184KMCQ
Auxiliaire de vie (H/F),AUTONOM'SERVICES,NOISY LE GRAND,CDD,Temps plein,2024-11-20,https://candidat.pole-emploi.fr/offres/recherche/detail/184KMCP
Cuisinier / Cuisinière (H/F),L'AUBERGE DE REMORAY,REMORAY BOUJEONS,CDI,Temps plein,2024-11-20,https://candidat.pole-emploi.fr/offres/recherche/detail/184KMCN
Gérant franchisé d'un grand magasin VIDE GRENIER permanent (H/F),ELYSEE CONCEPT,Croix,Franchise,Non renseigné,2024-11-20,https://candidat.pole-emploi.fr/offres/recherche/detail/184KMCM
#SALONDEMANDELIEU2024 Aide-soignant / Aide-soignante (H/F),STAND HOPITAL PRIVE A. TZANCK MOUGINS,MOUGINS,CDI,Temps plein,2024-11-20,https://candidat.pole-emploi.fr/offres/recherche/detail/184KMCL
Employé polyvalent  (H/F),BIOCOOP CALLUNE,BAUD,CDD,Temps plein,2024-11-20,https://candidat.pole-emploi.fr/offres/recherche/detail/184KMCH
COMPTABLE (H/F),MAIRIE ROSNY-SOUS-BOIS,ROSNY SOUS BOIS,CDD,Temps plein,2024-11-20,https://candidat.pole-emploi.fr/offres/recherche/detail/184KMCG
Personnel Éducatif - AES ou ME  (H/F),ASS LOZERIENNE LUTTE CRTE FLEAUX SOCIAUX,Saint-Chély-d'Apcher,CDI,Temps plein,2024-11-20,https://candidat.pole-emploi.fr/offres/recherche/detail/184KMCD
Conducteur(trice) de ligne automatisée ind alimentaire (H/F),SOLUTIONS COMPETENCES,CHASSENEUIL DU POITOU,CDI,Temps plein,2024-11-20,https://candidat.pole-emploi.fr/offres/recherche/detail/184KMCC
Manipulateur / Manipulatrice d'électroradiologie médicale   (H/F),CENTRE HOSPITALIER DE DIE,DIE,CDD,Temps plein,2024-11-20,https://candidat.pole-emploi.fr/offres/recherche/detail/184KMCB
Préparateur / Préparatrice de méthodes en industrie,orys,ST AUBIN DE BLAYE,CDI,Temps plein,2024-11-20,https://candidat.pole-emploi.fr/offres/recherche/detail/184KMBZ
Commis / Commise de cuisine (H/F),H ET C CONSEIL,NARBONNE,CDD,Temps plein,2024-11-20,https://candidat.pole-emploi.fr/offres/recherche/detail/184KMBX
Technicien Gaz (H/F) - Roanne (H/F),GRDF,Roanne,CDI,Temps plein,2024-11-20,https://candidat.pole-emploi.fr/offres/recherche/detail/184KMBW
Auxiliaire de Vie Mérignac (H/F),VITALLIANCE,MERIGNAC,CDI,Temps plein,2024-11-20,https://candidat.pole-emploi.fr/offres/recherche/detail/184KMBT
Gérant franchisé d'un grand magasin VIDE GRENIER permanent (H/F),ELYSEE CONCEPT,Coudekerque-Branche,Franchise,Non renseigné,2024-11-20,https://candidat.pole-emploi.fr/offres/recherche/detail/184KMBQ
Professeur de saxophone à domicile (H/F),AIS 2,Bordeaux,CDI,Temps partiel,2024-11-20,https://candidat.pole-emploi.fr/offres/recherche/detail/184KMBP
Chargé de produit (H/F),PROMAN,Marignane,Intérim,Temps plein,2024-11-20,https://candidat.pole-emploi.fr/offres/recherche/detail/184KMBN
Assistant / Assistante de gestion locative en immobilier (H/F),HABITAT 25,Montbéliard,CDD,Temps plein,2024-11-20,https://candidat.pole-emploi.fr/offres/recherche/detail/184KMBM
Opérateur(trice) production/fabrication en ind alimentaire (H/F),40 - HAGETMAU,HAGETMAU,CDD,Temps plein,2024-11-20,https://candidat.pole-emploi.fr/offres/recherche/detail/184KMBL
Coffreur - Bancheur (H/F),LIP BOURGOIN,Valencin,Intérim,Temps plein,2024-11-20,https://candidat.pole-emploi.fr/offres/recherche/detail/184KMBK
Agent technique en milieu rural H/F,04 - DAUPHIN,DAUPHIN,CDD,Temps plein,2024-11-20,https://candidat.pole-emploi.fr/offres/recherche/detail/184KMBJ
AUXILIAIRE DE VIE (H/F),FLORALYS DOMICILE,Lambres-lez-Douai,CDI,Temps partiel,2024-11-20,https://candidat.pole-emploi.fr/offres/recherche/detail/184KMBH
SERVEUR(SE DE RESTAURANT H / F (H/F),HELIOS,PAU,CDI,Temps plein,2024-11-20,https://candidat.pole-emploi.fr/offres/recherche/detail/184KMBG
COMPTABLE FOURNISSEURS (H/F),BENTA LYON,ST GENIS LAVAL,CDI,Temps plein,2024-11-20,https://candidat.pole-emploi.fr/offres/recherche/detail/184KMBF
Opérateur robot soudure H/F (H/F),A.T.S. LASER,Anglars-Saint-Félix,CDI,Temps plein,2024-11-20,https://candidat.pole-emploi.fr/offres/recherche/detail/184KMBC
Technicien de maintenance en informatique F/H,SYNERGIE,Cholet,CDI,Temps plein,2024-11-20,https://candidat.pole-emploi.fr/offres/recherche/detail/184KMBB
Calorifugeur / Calorifugeuse,TRIANGLE SOLUTIONS RH,Flamanville,Intérim,Temps plein,2024-11-20,https://candidat.pole-emploi.fr/offres/recherche/detail/184KLZZ
Peintre aeronautique (H/F),PROMAN,Tarbes,Intérim,Temps plein,2024-11-20,https://candidat.pole-emploi.fr/offres/recherche/detail/184KLZY
Homme/Femme de ménage à Saint-Barthélémy-d'Anjou,MR CONCEPT ANGERS SUD LOIRE,Maine-et-Loire,CDI,Temps plein,2024-11-20,https://candidat.pole-emploi.fr/offres/recherche/detail/184KLZX
Agent de service polyvalent - Rochefort (H/F),CONSEIL DEPARTEMENTAL CHARENTE-MARITIME,Rochefort,CDD,Temps plein,2024-11-20,https://candidat.pole-emploi.fr/offres/recherche/detail/184KLZW
Gérant franchisé d'un grand magasin VIDE GRENIER permanent (H/F),ELYSEE CONCEPT,Roncq,Franchise,Non renseigné,2024-11-20,https://candidat.pole-emploi.fr/offres/recherche/detail/184KLZT
Ouvrier / Ouvrière d'entretien des espaces verts (H/F),SAS INSERTION,ST ANDRE LEZ LILLE,CDD Insertion,Temps partiel,2024-11-20,https://candidat.pole-emploi.fr/offres/recherche/detail/184KLZS
Conseiller / Conseillère de vente PETIT BATEAU  (H/F),J L R OCEAN,ANGOULEME,CDI,Temps partiel,2024-11-20,https://candidat.pole-emploi.fr/offres/recherche/detail/184KLZR
Agent / Agente de service sécurité - SSIAP 1 (H/F),EURL VITALL SECURITE,METZ,CDI,Temps plein,2024-11-20,https://candidat.pole-emploi.fr/offres/recherche/detail/184KLZQ
Travailleur social (H/F),ALLOCATIONS FAMILIALES DE LA CHARENTE,ANGOULEME,CDI,Temps plein,2024-11-20,https://candidat.pole-emploi.fr/offres/recherche/detail/184KLZP
Commercial secteur centre (H/F),LES INTERIMAIRES PROFESSIONNELS TERTIAIR,Clermont-Ferrand,CDI,Temps plein,2024-11-20,https://candidat.pole-emploi.fr/offres/recherche/detail/184KLZN
Plaquiste sur table de cuisson à snacker (H/F),75 - PARIS 05,PARIS 05,CDI,Temps partiel,2024-11-20,https://candidat.pole-emploi.fr/offres/recherche/detail/184KLZM
AGENT DE PARC POLYVALENT - TP (H/F),LIP LORIENT BATIMENT,Kervignac,Intérim,Temps plein,2024-11-20,https://candidat.pole-emploi.fr/offres/recherche/detail/184KLZL
Professeur de chant à domicile (H/F),AIS 2,Marcq-en-Barœul,CDI,Temps partiel,2024-11-20,https://candidat.pole-emploi.fr/offres/recherche/detail/184KLZK
Assistant achats (H/F),PROMAN,Rumilly,CDD,Temps plein,2024-11-20,https://candidat.pole-emploi.fr/offres/recherche/detail/184KLZJ
Chef d'équipe d'entretien des espaces verts (H/F),GROUPE DGE- DGE RECRUTEMENT-DGE PLACEM,PARIS 17,CDI,Temps plein,2024-11-20,https://candidat.pole-emploi.fr/offres/recherche/detail/184KLZH
Vendeur / Vendeuse  lingerie / prêt-à-porter féminin (H/F),ETAM Terville,TERVILLE,CDI,Temps partiel,2024-11-20,https://candidat.pole-emploi.fr/offres/recherche/detail/184KLZG
Responsable de maintenance (H/F),ACTUAL SAUMUR 1096,Île-Bouchard,CDI,Temps plein,2024-11-20,https://candidat.pole-emploi.fr/offres/recherche/detail/184KLZF
Peintre industriel F/H,SYNERGIE,Beaupréau-en-Mauges,CDI,Temps plein,2024-11-20,https://candidat.pole-emploi.fr/offres/recherche/detail/184KLZD
Technicien bureau d'étude en électricité (H/F),ACASS,CHAPONNAY,CDI,Temps plein,2024-11-20,https://candidat.pole-emploi.fr/offres/recherche/detail/184KLYZ
PLAQUISTE (H/F),LES INTERIMAIRES PROFESSIONNELS INDUSTRI,Thionville,Intérim,Temps plein,2024-11-20,https://candidat.pole-emploi.fr/offres/recherche/detail/184KLYY
Assistant d'agence (H/F),PROMAN,Meaux,CDD,Temps plein,2024-11-20,https://candidat.pole-emploi.fr/offres/recherche/detail/184KLYX
Technicien bureau d'études (H/F),LEADER OULLINS 2057,Chaponost,CDI,Temps plein,2024-11-20,https://candidat.pole-emploi.fr/offres/recherche/detail/184KLYV
Gérant franchisé d'un grand magasin VIDE GRENIER permanent (H/F),ELYSEE CONCEPT,Hazebrouck,Franchise,Non renseigné,2024-11-20,https://candidat.pole-emploi.fr/offres/recherche/detail/184KLYT
Dessinateur projeteur VRD  (poss. chargé d'études) (H/F),APPROACH PEOPLE RECRUITMENT,Bordeaux,CDI,Temps plein,2024-11-20,https://candidat.pole-emploi.fr/offres/recherche/detail/184KLYS
Responsable Finances (H/F),REGIE PORT DE DIEPPE,DIEPPE,CDI,Temps plein,2024-11-20,https://candidat.pole-emploi.fr/offres/recherche/detail/184KLYQ
